-52.0,-52.0,-52.0,-52.0,-52.0,-52.0,-52.0,-52.0,-52.0,-52.0,-52.0,-52.0,-52.0,-52.0,-52.0,-52.0,-52.0,-52.0,-52.0,-52.0,-52.0,-52.0,-52.0,-52.0,-52.0,-52.0,-52.0,-52.0,-52.0,-52.0,-52.0,-52.0,-52.0,-52.0,-52.0,-52.0,-52.0,-52.0,-52.0,-52.0,-52.0,-52.0,-52.0,-52.0,-52.0,-52.0,-52.0,-52.0,-52.0,-52.0,-52.0,-52.0,-52.0,-52.0,-52.0,-52.0,-52.0,-52.0,-52.0,-52.0,-52.0,-52.0,-52.0,-52.0,-52.0,-52.0,-52.0,-52.0,-52.0,-52.0,-52.0,-52.0,-52.0,-52.0,-52.0,-52.0,-52.0,-52.0,-52.0,-52.0,-52.0,-52.0,-52.0,-52.0,-52.0,-52.0,-52.0,-52.0,-52.0,-52.0,-52.0,-52.0,-52.0,-52.0,-52.0,-52.0,-52.0,-52.0
-52.0,-52.0,-52.0,-52.0,-52.0,-52.0,-52.0,-52.0,-52.0,-52.0,-52.0,-52.0,-52.0,-52.0,-52.0,-52.0,-52.0,-52.0,-52.0,-52.0,-52.0,-52.0,-52.0,-52.0,-52.0,-52.0,-52.0,-52.0,-52.0,-52.0,-52.0,-52.0,-52.0,-52.0,-52.0,-52.0,-52.0,-52.0,-52.0,-52.0,-52.0,-52.0,-52.0,-52.0,-52.0,-52.0,-52.0,-52.0,-52.0,-52.0,-52.0,-52.0,-52.0,-52.0,-52.0,-52.0,-52.0,-52.0,-52.0,-52.0,-52.0,-52.0,-52.0,-52.0,-52.0,-52.0,-52.0,-52.0,-52.0,-52.0,-52.0,-52.0,-52.0,-52.0,-52.0,-52.0,-52.0,-52.0,-52.0,-52.0,-52.0,-52.0,-52.0,-52.0,-52.0,-52.0,-52.0,-52.0,-52.0,-52.0,-52.0,-52.0,-52.0,-52.0,-52.0,-52.0,-52.0,-52.0
-52.0,-52.0,-50.0,-52.0,-52.0,-52.0,-50.0,-52.0,-50.0,-52.0,-50.0,-52.0,-52.0,-52.0,-52.0,-50.0,-52.0,-52.0,-50.0,-50.0,-50.0,-50.0,-52.0,-50.0,-50.0,-52.0,-50.0,-50.0,-52.0,-52.0,-50.0,-50.0,-50.0,-52.0,-50.0,-50.0,-50.0,-52.0,-52.0,-50.0,-50.0,-50.0,-52.0,-50.0,-50.0,-50.0,-50.0,-50.0,-50.0,-50.0,-50.0,-50.0,-50.0,-50.0,-50.0,-50.0,-50.0,-50.0,-50.0,-50.0,-50.0,-50.0,-50.0,-50.0,-50.0,-50.0,-50.0,-50.0,-52.0,-50.0,-52.0,-50.0,-52.0,-50.0,-50.0,-52.0,-50.0,-50.0,-50.0,-52.0,-52.0,-52.0,-52.0,-52.0,-52.0,-50.0,-50.0,-50.0,-50.0,-52.0,-52.0,-52.0,-50.0,-50.0,-50.0,-50.0,-52.0,-52.0
-50.0,-50.0,-50.0,-50.0,-50.0,-50.0,-50.0,-54.0,-49.0,-50.0,-50.0,-50.0,-50.0,-50.0,-50.0,-50.0,-50.0,-50.0,-50.0,-50.0,-50.0,-50.0,-50.0,-50.0,-50.0,-50.0,-50.0,-50.0,-50.0,-50.0,-50.0,-50.0,-50.0,-50.0,-50.0,-50.0,-50.0,-50.0,-50.0,-50.0,-50.0,-50.0,-50.0,-50.0,-50.0,-50.0,-50.0,-50.0,-50.0,-50.0,-50.0,-50.0,-50.0,-50.0,-50.0,-50.0,-50.0,-50.0,-50.0,-50.0,-50.0,-50.0,-50.0,-50.0,-50.0,-50.0,-50.0,-50.0,-50.0,-50.0,-50.0,-50.0,-50.0,-50.0,-50.0,-50.0,-50.0,-50.0,-50.0,-50.0,-50.0,-50.0,-50.0,-50.0,-50.0,-50.0,-50.0,-50.0,-50.0,-50.0,-50.0,-50.0,-50.0,-50.0,-50.0,-50.0,-50.0,-50.0
-52.0,-50.0,-50.0,-50.0,-50.0,-50.0,-50.0,-50.0,-50.0,-50.0,-50.0,-50.0,-50.0,-50.0,-50.0,-50.0,-50.0,-50.0,-50.0,-50.0,-50.0,-50.0,-50.0,-50.0,-50.0,-50.0,-50.0,-50.0,-50.0,-50.0,-50.0,-50.0,-50.0,-50.0,-50.0,-50.0,-50.0,-50.0,-50.0,-50.0,-50.0,-50.0,-50.0,-50.0,-52.0,-50.0,-52.0,-50.0,-50.0,-50.0,-50.0,-50.0,-50.0,-50.0,-50.0,-50.0,-50.0,-50.0,-50.0,-50.0,-50.0,-50.0,-50.0,-50.0,-50.0,-50.0,-50.0,-50.0,-50.0,-50.0,-50.0,-50.0,-50.0,-50.0,-50.0,-50.0,-50.0,-50.0,-50.0,-50.0,-50.0,-50.0,-50.0,-50.0,-50.0,-50.0,-50.0,-52.0,-50.0,-50.0,-50.0,-50.0,-52.0,-50.0,-50.0,-50.0,-50.0,-50.0
-50.0,-50.0,-50.0,-50.0,-50.0,-50.0,-50.0,-50.0,-50.0,-50.0,-50.0,-50.0,-50.0,-50.0,-50.0,-50.0,-50.0,-50.0,-50.0,-50.0,-50.0,-50.0,-50.0,-50.0,-50.0,-50.0,-50.0,-50.0,-50.0,-50.0,-50.0,-50.0,-50.0,-50.0,-50.0,-50.0,-50.0,-50.0,-50.0,-50.0,-50.0,-50.0,-50.0,-50.0,-50.0,-50.0,-50.0,-50.0,-50.0,-50.0,-50.0,-50.0,-50.0,-50.0,-50.0,-50.0,-50.0,-50.0,-50.0,-50.0,-50.0,-50.0,-50.0,-50.0,-50.0,-50.0,-50.0,-50.0,-50.0,-50.0,-50.0,-50.0,-50.0,-50.0,-50.0,-50.0,-50.0,-50.0,-50.0,-50.0,-50.0,-50.0,-50.0,-50.0,-50.0,-50.0,-50.0,-50.0,-50.0,-50.0,-50.0,-50.0,-50.0,-50.0,-50.0,-50.0,-50.0,-50.0
-52.0,-50.0,-50.0,-50.0,-50.0,-50.0,-50.0,-50.0,-50.0,-50.0,-50.0,-50.0,-50.0,-50.0,-50.0,-50.0,-50.0,-50.0,-50.0,-52.0,-50.0,-50.0,-50.0,-50.0,-50.0,-50.0,-50.0,-50.0,-50.0,-50.0,-50.0,-50.0,-50.0,-50.0,-50.0,-50.0,-50.0,-50.0,-50.0,-50.0,-50.0,-50.0,-50.0,-50.0,-50.0,-50.0,-50.0,-50.0,-50.0,-50.0,-50.0,-50.0,-50.0,-50.0,-50.0,-50.0,-50.0,-50.0,-50.0,-50.0,-50.0,-50.0,-50.0,-50.0,-50.0,-50.0,-50.0,-50.0,-50.0,-50.0,-50.0,-50.0,-50.0,-50.0,-50.0,-50.0,-50.0,-50.0,-50.0,-50.0,-50.0,-50.0,-50.0,-50.0,-50.0,-50.0,-50.0,-50.0,-50.0,-50.0,-50.0,-50.0,-50.0,-50.0,-50.0,-50.0,-50.0,-50.0
-50.0,-50.0,-50.0,-50.0,-50.0,-50.0,-50.0,-50.0,-50.0,-50.0,-50.0,-50.0,-50.0,-50.0,-50.0,-50.0,-50.0,-50.0,-50.0,-50.0,-50.0,-50.0,-50.0,-50.0,-50.0,-50.0,-50.0,-50.0,-50.0,-50.0,-50.0,-50.0,-50.0,-50.0,-50.0,-50.0,-50.0,-50.0,-50.0,-50.0,-50.0,-50.0,-50.0,-50.0,-50.0,-50.0,-50.0,-50.0,-52.0,-52.0,-52.0,-50.0,-50.0,-50.0,-50.0,-52.0,-52.0,-52.0,-50.0,-52.0,-52.0,-52.0,-50.0,-50.0,-52.0,-50.0,-52.0,-52.0,-50.0,-50.0,-52.0,-50.0,-52.0,-52.0,-52.0,-52.0,-50.0,-52.0,-52.0,-52.0,-52.0,-50.0,-52.0,-50.0,-52.0,-52.0,-52.0,-50.0,-52.0,-52.0,-50.0,-52.0,-50.0,-50.0,-50.0,-52.0,-50.0,-52.0
-50.0,-55.0,-50.0,-50.0,-53.0,-50.0,-52.0,-51.0,-51.0,-51.0,-53.0,-50.0,-50.0,-49.0,-50.0,-53.0,-50.0,-53.0,-54.0,-52.0,-53.0,-54.0,-51.0,-51.0,-51.0,-53.0,-52.0,-50.0,-50.0,-51.0,-51.0,-52.0,-53.0,-50.0,-50.0,-52.0,-50.0,-50.0,-50.0,-53.0,-53.0,-52.0,-54.0,-53.0,-54.0,-53.0,-53.0,-53.0,-53.0,-53.0,-53.0,-53.0,-53.0,-53.0,-53.0,-53.0,-54.0,-54.0,-53.0,-54.0,-54.0,-54.0,-53.0,-54.0,-54.0,-53.0,-54.0,-54.0,-54.0,-54.0,-53.0,-54.0,-52.0,-54.0,-54.0,-54.0,-53.0,-53.0,-53.0,-53.0,-53.0,-54.0,-54.0,-54.0,-54.0,-53.0,-52.0,-53.0,-54.0,-54.0,-52.0,-53.0,-52.0,-51.0,-52.0,-53.0,-53.0,-53.0
-53.0,-53.0,-53.0,-53.0,-53.0,-53.0,-53.0,-53.0,-53.0,-53.0,-53.0,-53.0,-53.0,-53.0,-53.0,-53.0,-53.0,-53.0,-53.0,-53.0,-53.0,-53.0,-53.0,-53.0,-53.0,-53.0,-53.0,-53.0,-53.0,-53.0,-53.0,-53.0,-53.0,-53.0,-53.0,-53.0,-53.0,-53.0,-53.0,-53.0,-53.0,-53.0,-53.0,-53.0,-53.0,-53.0,-53.0,-53.0,-53.0,-53.0,-53.0,-53.0,-53.0,-53.0,-53.0,-53.0,-53.0,-53.0,-53.0,-53.0,-53.0,-53.0,-49.0,-50.0,-53.0,-50.0,-50.0,-50.0,-50.0,-50.0,-50.0,-50.0,-50.0,-50.0,-50.0,-50.0,-50.0,-50.0,-50.0,-50.0,-50.0,-50.0,-50.0,-50.0,-50.0,-50.0,-50.0,-50.0,-50.0,-50.0,-50.0,-50.0,-50.0,-50.0,-50.0,-50.0,-50.0,-50.0
-50.0,-50.0,-50.0,-50.0,-50.0,-50.0,-49.0,-50.0,-49.0,-50.0,-50.0,-50.0,-50.0,-49.0,-51.0,-50.0,-50.0,-50.0,-50.0,-49.0,-55.0,-50.0,-50.0,-50.0,-50.0,-50.0,-50.0,-50.0,-50.0,-50.0,-50.0,-50.0,-50.0,-50.0,-50.0,-50.0,-50.0,-50.0,-53.0,-50.0,-50.0,-50.0,-50.0,-50.0,-50.0,-49.0,-49.0,-50.0,-50.0,-50.0,-50.0,-52.0,-52.0,-52.0,-50.0,-50.0,-50.0,-50.0,-50.0,-50.0,-50.0,-50.0,-49.0,-49.0,-50.0,-49.0,-50.0,-50.0,-50.0,-49.0,-50.0,-50.0,-50.0,-50.0,-50.0,-50.0,-53.0,-50.0,-50.0,-50.0,-50.0,-50.0,-50.0,-51.0,-51.0,-50.0,-50.0,-50.0,-50.0,-50.0,-50.0,-50.0,-50.0,-50.0,-50.0,-50.0,-50.0,-50.0
-50.0,-50.0,-50.0,-50.0,-50.0,-50.0,-50.0,-50.0,-50.0,-50.0,-50.0,-50.0,-50.0,-50.0,-50.0,-50.0,-50.0,-50.0,-50.0,-50.0,-50.0,-50.0,-50.0,-50.0,-50.0,-50.0,-50.0,-50.0,-50.0,-50.0,-50.0,-50.0,-50.0,-50.0,-50.0,-50.0,-50.0,-50.0,-50.0,-50.0,-50.0,-50.0,-50.0,-50.0,-50.0,-50.0,-50.0,-50.0,-50.0,-50.0,-50.0,-50.0,-50.0,-50.0,-50.0,-50.0,-50.0,-50.0,-50.0,-50.0,-50.0,-50.0,-50.0,-50.0,-50.0,-50.0,-50.0,-50.0,-50.0,-50.0,-50.0,-50.0,-50.0,-50.0,-50.0,-50.0,-50.0,-54.0,-50.0,-55.0,-56.0,-53.0,-53.0,-52.0,-54.0,-52.0,-52.0,-52.0,-53.0,-53.0,-54.0,-54.0,-54.0,-53.0,-52.0,-53.0,-53.0,-54.0
-50.0,-50.0,-50.0,-50.0,-52.0,-55.0,-50.0,-53.0,-52.0,-50.0,-52.0,-49.0,-50.0,-50.0,-50.0,-50.0,-50.0,-50.0,-50.0,-50.0,-50.0,-50.0,-50.0,-49.0,-50.0,-50.0,-50.0,-50.0,-50.0,-50.0,-50.0,-50.0,-50.0,-49.0,-50.0,-50.0,-50.0,-49.0,-50.0,-50.0,-50.0,-49.0,-50.0,-50.0,-50.0,-50.0,-50.0,-50.0,-53.0,-50.0,-49.0,-49.0,-49.0,-50.0,-50.0,-50.0,-49.0,-50.0,-50.0,-50.0,-49.0,-50.0,-50.0,-49.0,-49.0,-49.0,-50.0,-50.0,-49.0,-50.0,-49.0,-53.0,-50.0,-50.0,-50.0,-50.0,-50.0,-50.0,-50.0,-50.0,-50.0,-50.0,-50.0,-50.0,-50.0,-50.0,-50.0,-50.0,-50.0,-50.0,-50.0,-50.0,-50.0,-50.0,-50.0,-50.0,-50.0,-50.0
-50.0,-50.0,-50.0,-50.0,-50.0,-50.0,-50.0,-50.0,-50.0,-50.0,-50.0,-50.0,-50.0,-50.0,-50.0,-50.0,-50.0,-50.0,-50.0,-50.0,-50.0,-50.0,-50.0,-50.0,-50.0,-50.0,-50.0,-50.0,-50.0,-50.0,-50.0,-50.0,-50.0,-50.0,-50.0,-50.0,-50.0,-50.0,-50.0,-50.0,-50.0,-50.0,-50.0,-50.0,-50.0,-50.0,-50.0,-50.0,-50.0,-50.0,-50.0,-50.0,-49.0,-50.0,-49.0,-50.0,-50.0,-49.0,-50.0,-50.0,-50.0,-50.0,-50.0,-50.0,-50.0,-50.0,-50.0,-50.0,-50.0,-50.0,-50.0,-50.0,-50.0,-50.0,-50.0,-50.0,-50.0,-50.0,-50.0,-50.0,-50.0,-50.0,-50.0,-50.0,-50.0,-50.0,-50.0,-50.0,-50.0,-50.0,-50.0,-50.0,-50.0,-50.0,-50.0,-50.0,-50.0,-50.0
-50.0,-50.0,-50.0,-50.0,-50.0,-50.0,-50.0,-50.0,-50.0,-50.0,-50.0,-50.0,-50.0,-50.0,-50.0,-50.0,-50.0,-50.0,-50.0,-50.0,-50.0,-50.0,-50.0,-50.0,-50.0,-50.0,-50.0,-50.0,-50.0,-50.0,-50.0,-50.0,-50.0,-50.0,-50.0,-50.0,-50.0,-50.0,-50.0,-50.0,-50.0,-50.0,-50.0,-50.0,-50.0,-50.0,-50.0,-50.0,-50.0,-50.0,-50.0,-50.0,-54.0,-56.0,-54.0,-52.0,-54.0,-54.0,-56.0,-54.0,-57.0,-54.0,-52.0,-54.0,-53.0,-53.0,-57.0,-52.0,-56.0,-53.0,-51.0,-54.0,-53.0,-52.0,-53.0,-52.0,-51.0,-53.0,-52.0,-52.0,-57.0,-56.0,-56.0,-54.0,-54.0,-54.0,-54.0,-55.0,-54.0,-54.0,-54.0,-53.0,-54.0,-55.0,-54.0,-54.0,-54.0,-54.0
-50.0,-50.0,-50.0,-50.0,-50.0,-50.0,-50.0,-50.0,-50.0,-50.0,-50.0,-50.0,-50.0,-50.0,-50.0,-50.0,-50.0,-50.0,-50.0,-50.0,-50.0,-50.0,-50.0,-50.0,-50.0,-50.0,-50.0,-50.0,-50.0,-50.0,-50.0,-50.0,-50.0,-50.0,-50.0,-50.0,-50.0,-50.0,-50.0,-50.0,-50.0,-50.0,-50.0,-50.0,-50.0,-50.0,-50.0,-50.0,-50.0,-50.0,-50.0,-50.0,-50.0,-50.0,-50.0,-50.0,-50.0,-50.0,-50.0,-50.0,-50.0,-50.0,-50.0,-50.0,-50.0,-50.0,-50.0,-50.0,-50.0,-50.0,-50.0,-50.0,-50.0,-50.0,-50.0,-50.0,-50.0,-50.0,-50.0,-50.0,-50.0,-50.0,-53.0,-50.0,-50.0,-50.0,-50.0,-50.0,-50.0,-50.0,-50.0,-50.0,-50.0,-50.0,-50.0,-50.0,-50.0,-50.0
-50.0,-50.0,-50.0,-50.0,-50.0,-52.0,-50.0,-50.0,-50.0,-50.0,-50.0,-50.0,-50.0,-50.0,-50.0,-50.0,-50.0,-50.0,-50.0,-50.0,-50.0,-50.0,-50.0,-50.0,-50.0,-50.0,-50.0,-50.0,-50.0,-50.0,-50.0,-50.0,-50.0,-50.0,-50.0,-53.0,-50.0,-50.0,-50.0,-50.0,-50.0,-50.0,-50.0,-50.0,-50.0,-50.0,-50.0,-50.0,-50.0,-50.0,-50.0,-50.0,-50.0,-50.0,-50.0,-50.0,-50.0,-50.0,-50.0,-50.0,-50.0,-50.0,-50.0,-50.0,-50.0,-50.0,-50.0,-50.0,-50.0,-50.0,-50.0,-50.0,-50.0,-50.0,-50.0,-50.0,-50.0,-50.0,-50.0,-50.0,-50.0,-50.0,-50.0,-50.0,-50.0,-50.0,-50.0,-50.0,-50.0,-50.0,-50.0,-50.0,-50.0,-50.0,-50.0,-50.0,-50.0,-50.0
-50.0,-53.0,-55.0,-54.0,-54.0,-56.0,-56.0,-55.0,-54.0,-54.0,-55.0,-55.0,-55.0,-55.0,-54.0,-55.0,-54.0,-55.0,-54.0,-55.0,-55.0,-55.0,-55.0,-55.0,-55.0,-55.0,-55.0,-56.0,-55.0,-55.0,-56.0,-56.0,-56.0,-55.0,-55.0,-56.0,-55.0,-55.0,-54.0,-55.0,-55.0,-54.0,-55.0,-55.0,-55.0,-55.0,-55.0,-55.0,-55.0,-55.0,-55.0,-55.0,-55.0,-55.0,-55.0,-55.0,-55.0,-55.0,-55.0,-54.0,-55.0,-55.0,-55.0,-55.0,-55.0,-55.0,-56.0,-55.0,-55.0,-55.0,-56.0,-55.0,-55.0,-55.0,-56.0,-56.0,-56.0,-55.0,-55.0,-55.0,-55.0,-55.0,-56.0,-55.0,-56.0,-56.0,-55.0,-55.0,-54.0,-54.0,-54.0,-54.0,-55.0,-55.0,-55.0,-55.0,-55.0,-55.0
-50.0,-50.0,-52.0,-55.0,-49.0,-50.0,-54.0,-53.0,-50.0,-49.0,-50.0,-50.0,-50.0,-49.0,-53.0,-50.0,-50.0,-49.0,-49.0,-53.0,-50.0,-53.0,-49.0,-50.0,-49.0,-53.0,-50.0,-53.0,-49.0,-49.0,-50.0,-49.0,-49.0,-49.0,-50.0,-50.0,-49.0,-53.0,-49.0,-53.0,-49.0,-50.0,-50.0,-53.0,-50.0,-53.0,-53.0,-49.0,-49.0,-50.0,-53.0,-50.0,-49.0,-49.0,-49.0,-53.0,-53.0,-53.0,-50.0,-53.0,-50.0,-50.0,-50.0,-49.0,-53.0,-49.0,-49.0,-49.0,-49.0,-49.0,-50.0,-50.0,-49.0,-50.0,-50.0,-49.0,-50.0,-50.0,-49.0,-53.0,-50.0,-49.0,-49.0,-50.0,-49.0,-53.0,-49.0,-53.0,-50.0,-49.0,-49.0,-50.0,-50.0,-49.0,-50.0,-49.0,-50.0,-50.0
-52.0,-56.0,-54.0,-53.0,-55.0,-56.0,-52.0,-52.0,-55.0,-52.0,-55.0,-52.0,-54.0,-54.0,-54.0,-54.0,-54.0,-53.0,-54.0,-54.0,-54.0,-53.0,-53.0,-53.0,-53.0,-53.0,-53.0,-52.0,-53.0,-53.0,-53.0,-53.0,-53.0,-53.0,-53.0,-53.0,-53.0,-53.0,-53.0,-53.0,-53.0,-53.0,-53.0,-53.0,-53.0,-53.0,-53.0,-53.0,-53.0,-53.0,-52.0,-52.0,-53.0,-54.0,-54.0,-53.0,-53.0,-53.0,-53.0,-53.0,-53.0,-53.0,-53.0,-53.0,-53.0,-53.0,-53.0,-53.0,-54.0,-53.0,-53.0,-53.0,-52.0,-53.0,-53.0,-52.0,-53.0,-53.0,-53.0,-53.0,-53.0,-53.0,-53.0,-53.0,-53.0,-53.0,-53.0,-53.0,-53.0,-53.0,-53.0,-53.0,-53.0,-53.0,-53.0,-53.0,-53.0,-53.0
-57.0,-51.0,-50.0,-49.0,-52.0,-55.0,-51.0,-50.0,-50.0,-50.0,-50.0,-50.0,-50.0,-50.0,-50.0,-50.0,-49.0,-49.0,-49.0,-50.0,-50.0,-50.0,-52.0,-50.0,-51.0,-53.0,-52.0,-53.0,-49.0,-49.0,-49.0,-50.0,-50.0,-49.0,-49.0,-50.0,-49.0,-50.0,-50.0,-49.0,-49.0,-49.0,-50.0,-53.0,-49.0,-49.0,-53.0,-49.0,-50.0,-50.0,-50.0,-49.0,-50.0,-50.0,-49.0,-49.0,-49.0,-49.0,-50.0,-50.0,-50.0,-49.0,-53.0,-50.0,-49.0,-50.0,-53.0,-50.0,-49.0,-49.0,-50.0,-50.0,-50.0,-53.0,-50.0,-50.0,-49.0,-50.0,-49.0,-53.0,-49.0,-50.0,-53.0,-49.0,-50.0,-49.0,-49.0,-49.0,-49.0,-50.0,-49.0,-50.0,-50.0,-50.0,-50.0,-49.0,-53.0,-50.0
-55.0,-52.0,-54.0,-57.0,-56.0,-56.0,-58.0,-57.0,-55.0,-55.0,-55.0,-56.0,-57.0,-56.0,-58.0,-57.0,-58.0,-58.0,-58.0,-57.0,-58.0,-61.0,-58.0,-57.0,-58.0,-58.0,-58.0,-58.0,-58.0,-58.0,-58.0,-58.0,-58.0,-58.0,-57.0,-56.0,-56.0,-57.0,-71.0,-57.0,-57.0,-57.0,-57.0,-57.0,-57.0,-57.0,-56.0,-57.0,-57.0,-57.0,-57.0,-57.0,-57.0,-57.0,-57.0,-57.0,-63.0,-57.0,-58.0,-57.0,-57.0,-57.0,-57.0,-58.0,-57.0,-56.0,-62.0,-57.0,-57.0,-57.0,-58.0,-63.0,-57.0,-57.0,-57.0,-57.0,-57.0,-58.0,-57.0,-58.0,-57.0,-57.0,-57.0,-57.0,-57.0,-57.0,-57.0,-57.0,-57.0,-57.0,-57.0,-58.0,-57.0,-57.0,-56.0,-56.0,-56.0,-57.0
-54.0,-55.0,-60.0,-55.0,-56.0,-57.0,-57.0,-58.0,-56.0,-57.0,-56.0,-56.0,-56.0,-58.0,-59.0,-59.0,-58.0,-59.0,-59.0,-59.0,-60.0,-58.0,-58.0,-59.0,-59.0,-59.0,-59.0,-59.0,-61.0,-60.0,-60.0,-60.0,-59.0,-59.0,-59.0,-59.0,-59.0,-59.0,-59.0,-59.0,-59.0,-59.0,-59.0,-59.0,-59.0,-58.0,-59.0,-58.0,-58.0,-59.0,-59.0,-59.0,-59.0,-59.0,-59.0,-59.0,-59.0,-58.0,-59.0,-59.0,-59.0,-58.0,-59.0,-59.0,-59.0,-60.0,-59.0,-60.0,-71.0,-60.0,-60.0,-60.0,-60.0,-59.0,-59.0,-59.0,-60.0,-60.0,-59.0,-58.0,-61.0,-60.0,-59.0,-60.0,-59.0,-60.0,-59.0,-60.0,-60.0,-60.0,-61.0,-61.0,-61.0,-61.0,-60.0,-59.0,-60.0,-59.0
-50.0,-50.0,-50.0,-50.0,-50.0,-50.0,-51.0,-50.0,-49.0,-50.0,-50.0,-50.0,-50.0,-50.0,-50.0,-50.0,-50.0,-50.0,-50.0,-50.0,-50.0,-50.0,-50.0,-50.0,-50.0,-50.0,-50.0,-50.0,-50.0,-50.0,-50.0,-50.0,-50.0,-50.0,-50.0,-50.0,-50.0,-50.0,-50.0,-50.0,-50.0,-50.0,-50.0,-50.0,-50.0,-50.0,-50.0,-50.0,-50.0,-50.0,-50.0,-50.0,-50.0,-50.0,-50.0,-50.0,-50.0,-50.0,-50.0,-50.0,-50.0,-50.0,-50.0,-50.0,-50.0,-50.0,-50.0,-50.0,-50.0,-50.0,-50.0,-50.0,-50.0,-50.0,-50.0,-50.0,-50.0,-50.0,-50.0,-50.0,-50.0,-50.0,-50.0,-50.0,-50.0,-50.0,-50.0,-50.0,-50.0,-50.0,-50.0,-50.0,-50.0,-50.0,-50.0,-50.0,-50.0,-50.0
-60.0,-58.0,-58.0,-57.0,-58.0,-65.0,-66.0,-59.0,-60.0,-62.0,-62.0,-58.0,-58.0,-59.0,-60.0,-60.0,-60.0,-59.0,-59.0,-60.0,-61.0,-60.0,-60.0,-59.0,-59.0,-61.0,-61.0,-57.0,-55.0,-58.0,-63.0,-62.0,-61.0,-60.0,-60.0,-61.0,-60.0,-60.0,-60.0,-60.0,-60.0,-59.0,-59.0,-58.0,-59.0,-59.0,-58.0,-59.0,-59.0,-58.0,-58.0,-59.0,-58.0,-58.0,-58.0,-59.0,-58.0,-59.0,-59.0,-59.0,-59.0,-59.0,-59.0,-60.0,-59.0,-59.0,-58.0,-63.0,-61.0,-57.0,-54.0,-63.0,-61.0,-60.0,-58.0,-64.0,-55.0,-57.0,-58.0,-58.0,-51.0,-51.0,-52.0,-51.0,-55.0,-53.0,-53.0,-52.0,-58.0,-56.0,-54.0,-55.0,-53.0,-55.0,-54.0,-53.0,-54.0,-56.0
-59.0,-54.0,-52.0,-54.0,-56.0,-55.0,-55.0,-53.0,-53.0,-53.0,-53.0,-52.0,-53.0,-52.0,-51.0,-50.0,-50.0,-50.0,-51.0,-50.0,-51.0,-51.0,-51.0,-50.0,-50.0,-50.0,-53.0,-53.0,-50.0,-50.0,-51.0,-51.0,-52.0,-52.0,-51.0,-51.0,-51.0,-52.0,-52.0,-51.0,-52.0,-51.0,-52.0,-52.0,-52.0,-51.0,-52.0,-52.0,-52.0,-51.0,-52.0,-51.0,-52.0,-52.0,-51.0,-51.0,-50.0,-50.0,-51.0,-50.0,-51.0,-50.0,-51.0,-51.0,-51.0,-51.0,-51.0,-51.0,-51.0,-51.0,-51.0,-51.0,-52.0,-51.0,-52.0,-51.0,-51.0,-52.0,-51.0,-51.0,-52.0,-51.0,-51.0,-51.0,-51.0,-51.0,-51.0,-51.0,-52.0,-50.0,-50.0,-51.0,-51.0,-51.0,-51.0,-51.0,-51.0,-50.0
-59.0,-59.0,-58.0,-57.0,-58.0,-54.0,-55.0,-58.0,-59.0,-58.0,-54.0,-57.0,-60.0,-57.0,-57.0,-57.0,-57.0,-57.0,-57.0,-56.0,-57.0,-57.0,-58.0,-57.0,-58.0,-58.0,-58.0,-57.0,-57.0,-57.0,-57.0,-57.0,-57.0,-57.0,-57.0,-58.0,-57.0,-57.0,-57.0,-57.0,-57.0,-57.0,-57.0,-58.0,-57.0,-57.0,-57.0,-59.0,-59.0,-57.0,-59.0,-58.0,-58.0,-59.0,-59.0,-59.0,-58.0,-58.0,-57.0,-58.0,-58.0,-58.0,-59.0,-58.0,-58.0,-59.0,-59.0,-58.0,-59.0,-58.0,-59.0,-58.0,-58.0,-58.0,-58.0,-58.0,-58.0,-58.0,-58.0,-58.0,-58.0,-58.0,-58.0,-58.0,-57.0,-58.0,-58.0,-58.0,-59.0,-58.0,-57.0,-58.0,-58.0,-58.0,-57.0,-57.0,-58.0,-58.0
-55.0,-55.0,-60.0,-54.0,-57.0,-63.0,-55.0,-55.0,-56.0,-53.0,-55.0,-54.0,-59.0,-53.0,-54.0,-55.0,-55.0,-54.0,-55.0,-55.0,-55.0,-55.0,-54.0,-55.0,-54.0,-55.0,-54.0,-55.0,-54.0,-55.0,-55.0,-55.0,-55.0,-55.0,-54.0,-54.0,-58.0,-54.0,-54.0,-54.0,-56.0,-52.0,-55.0,-55.0,-63.0,-58.0,-56.0,-52.0,-56.0,-55.0,-57.0,-55.0,-56.0,-55.0,-56.0,-56.0,-54.0,-55.0,-55.0,-55.0,-55.0,-55.0,-54.0,-54.0,-55.0,-55.0,-55.0,-54.0,-54.0,-55.0,-55.0,-55.0,-54.0,-54.0,-54.0,-54.0,-55.0,-54.0,-55.0,-54.0,-54.0,-54.0,-54.0,-54.0,-54.0,-54.0,-54.0,-54.0,-55.0,-55.0,-55.0,-54.0,-54.0,-55.0,-54.0,-54.0,-54.0,-54.0
-59.0,-56.0,-60.0,-59.0,-64.0,-68.0,-65.0,-59.0,-55.0,-55.0,-57.0,-57.0,-57.0,-58.0,-58.0,-61.0,-62.0,-61.0,-62.0,-61.0,-59.0,-62.0,-62.0,-60.0,-62.0,-62.0,-61.0,-59.0,-61.0,-62.0,-60.0,-60.0,-65.0,-59.0,-60.0,-60.0,-62.0,-58.0,-60.0,-64.0,-59.0,-64.0,-54.0,-59.0,-61.0,-62.0,-61.0,-62.0,-61.0,-61.0,-61.0,-61.0,-61.0,-61.0,-61.0,-62.0,-62.0,-62.0,-63.0,-62.0,-62.0,-62.0,-62.0,-62.0,-61.0,-62.0,-61.0,-61.0,-60.0,-61.0,-61.0,-62.0,-61.0,-61.0,-63.0,-61.0,-61.0,-61.0,-60.0,-60.0,-61.0,-61.0,-61.0,-60.0,-61.0,-60.0,-61.0,-58.0,-55.0,-57.0,-62.0,-55.0,-64.0,-59.0,-64.0,-61.0,-62.0,-60.0
-52.0,-49.0,-53.0,-50.0,-52.0,-51.0,-53.0,-53.0,-54.0,-52.0,-52.0,-53.0,-51.0,-53.0,-52.0,-50.0,-51.0,-50.0,-52.0,-53.0,-52.0,-52.0,-52.0,-52.0,-52.0,-52.0,-51.0,-52.0,-51.0,-51.0,-51.0,-51.0,-52.0,-51.0,-51.0,-52.0,-52.0,-51.0,-51.0,-52.0,-51.0,-52.0,-52.0,-51.0,-51.0,-52.0,-51.0,-52.0,-51.0,-52.0,-52.0,-51.0,-52.0,-51.0,-51.0,-51.0,-51.0,-51.0,-52.0,-52.0,-52.0,-52.0,-52.0,-51.0,-52.0,-52.0,-51.0,-52.0,-52.0,-52.0,-51.0,-52.0,-52.0,-52.0,-52.0,-51.0,-51.0,-52.0,-52.0,-51.0,-52.0,-52.0,-52.0,-53.0,-52.0,-52.0,-52.0,-52.0,-52.0,-51.0,-52.0,-52.0,-53.0,-52.0,-53.0,-53.0,-52.0,-53.0
-54.0,-62.0,-60.0,-61.0,-63.0,-56.0,-57.0,-55.0,-56.0,-54.0,-52.0,-58.0,-58.0,-58.0,-58.0,-57.0,-58.0,-58.0,-58.0,-58.0,-58.0,-58.0,-58.0,-58.0,-58.0,-58.0,-58.0,-58.0,-58.0,-58.0,-58.0,-58.0,-58.0,-58.0,-58.0,-58.0,-58.0,-58.0,-58.0,-58.0,-59.0,-58.0,-60.0,-60.0,-60.0,-59.0,-58.0,-59.0,-58.0,-58.0,-59.0,-58.0,-58.0,-58.0,-57.0,-58.0,-57.0,-57.0,-58.0,-57.0,-57.0,-57.0,-57.0,-57.0,-57.0,-57.0,-57.0,-57.0,-57.0,-57.0,-57.0,-57.0,-57.0,-57.0,-57.0,-57.0,-57.0,-57.0,-57.0,-58.0,-58.0,-58.0,-58.0,-58.0,-58.0,-58.0,-58.0,-58.0,-58.0,-58.0,-58.0,-61.0,-58.0,-58.0,-58.0,-58.0,-58.0,-58.0
